01-167,Harvey Norman CASTLE HILL,d:\data\pos\,2017.3.3819.0,AUHNCAHPU001,NSW,Details
60-030,HARVEY NORMAN CASTLEBAR,D:\DATA\POS\,2016.7.3417.0,IEHNCBRPU001,ROI,Details
01-203,Harvey Norman Chadstone,D:\DATA\POS\,2017.3.3819.0,AUHNCHAPU001,VIC,Details
01-053,Harvey Norman Chatswood,D:\DATA2\POS\,2017.3.3819.0,AUHNGORPU001,NSW,Details
01-188,Harvey Norman Chirnside Park,d:\data\pos\,2017.3.3819.0,CHIRTPU2,VIC,Details
70-050,Harvey Norman Christchurch,D:\DATA\POS\,2017.3.3819.0,CHRITPU2,NZ,Details
70-049,Harvey Norman Christchurch Commercial,D:\DATA2\POS\,2017.3.3819.0,CHRITPU2,NZ,Details
01-180,Harvey Norman City West,D:\DATA\POS\,2017.3.3819.0,AUHNWPEPU001,WA,Details
01-726,HARVEY NORMAN CLEARANCE CENTRE,D:\DATA3\POS\,2017.3.3819.0,AUHNBUNPU002,QLD,Details
01-396,Harvey Norman Clearance Centre,D:\DATA3\POS\,2017.3.3819.0,FYSHTPU2,ACT,Details
01-165,Harvey Norman Cleveland,D:\Data\POS\,2017.3.3819.0,AUHNCLEPU001,QLD,Details
01-148,HARVEY NORMAN COBAR,D:\DATA\POS\,2017.3.3819.0,AUHNCOBPU001,NSW,Details
01-253,HARVEY NORMAN COBURG,D:\DATA\POS\,2017.3.3819.0,AUHNCBGPU001,VIC,Details
01-037,Harvey Norman Coffs Harbour,D:\DATA\POS\,2017.3.3819.0,AUHNCOHPU001,NSW,Details
01-352,HARVEY NORMAN COMM PROJECTS,d:\data\pos\,2017.3.3819.0,AUCMPMEPU001,VIC,Details
60-039,HARVEY NORMAN COMMERCIAL,D:\DATA5\POS\,2016.7.3417.0,IEHOHDIPU001,ROI,Details
60-022,Harvey Norman Cork,D:\DATA\POS\,2016.7.3417.0,IEHNCRKPU002,ROI,Details
01-134,Harvey Norman Cranbourne,D:\DATA3\POS\,2017.3.3819.0,AUHNFOGPU001,VIC,Details
70-065,HARVEY NORMAN D.I.C.E. DIVISION,D:\DATA3\POS\,2017.3.3819.0,NZHNMROPU001,NZ,Details
01-158,Harvey Norman Dalby,D:\DATA\POS\,2017.3.3819.0,AUHNDALPU001,QLD,Details
01-073,Harvey Norman Dandenong,D:\DATA\POS\,2017.3.3819.0,AUHNDANPU001,VIC,Details
01-190,Harvey Norman Darwin,d:\data\pos\,2017.3.3819.0,AUHNDARPU001,NT,Details
01-066,Harvey Norman Deniliquin,D:\DATA\POS\,2017.3.3819.0,AUHNDENPU001,NSW,Details
01-175,Harvey Norman Devonport,D:\DATA\POS\,2017.3.3819.0,AUHNDEVPU001,TAS,Details
61-020,HARVEY NORMAN DIRECT IMPORTS,D:\DATA\POS\,2016.7.3417.0,IEHOHDIPU001,ROI,Details
60-029,Harvey Norman Drogheda,D:\DATA\POS\,2016.7.3417.0,IEHNDGHPU002,ROI,Details
01-034,Harvey Norman Dubbo,D:\DATA\POS\,2017.3.3819.0,AUHNDUBPU001,NSW,Details
60-021,Harvey Norman DUNDALK,D:\DATA\POS\,2016.6.3321.0,IEHNDNKPU001,ROI,Details
70-055,Harvey Norman Dunedin,D:\DATA\POS\,2017.3.3819.0,NZHNDUNPU002,NZ,Details
01-257,HARVEY NORMAN EDEN,D:\DATA2\POS\,2017.3.3819.0,AUHNTBEPU001,NSW,Details
01-238,HARVEY NORMAN EDGEWATER,D:\DATA1\POS\,2017.3.3819.0,AUHNJOOPU001,WA,Details
01-260,HARVEY NORMAN EMERALD,D:\DATA\POS\,2017.3.3819.0,AUHNEMEPU001,QLD,Details
01-303,Harvey Norman Epping Factory Outlet,D:\DATA2\POS\,2017.3.3819.0,AUHNCHAPU001,VIC,Details
01-029,Harvey Norman Erina,D:\DATA\POS\,2017.3.3819.0,AUHNERIPU001,NSW,Details
60-041,HARVEY NORMAN EVENTS,D:\DATA\POS\,2016.7.3417.0,IEHNEVTPU001,ROI,Details
01-080,Harvey Norman Everton Park,D:\DATA\POS\,2017.3.3819.0,AUHNEVPPU001,QLD,Details
01-244,HARVEY NORMAN exCP MAROOCHYDORE (CLOSED),D:\DATA4\POS\,2017.3.3819.0,AUHNMRDPU001,QLD,Details
01-681,Harvey Norman Factory Outlet Midland,d:\data2\pos\,2017.3.3819.0,AUHNMIDPU001,WA,Details
01-164,HARVEY NORMAN FLOORING,d:\data\pos\,2017.3.3819.0,AUADSILFS001,NSW,Details
01-199,Harvey Norman Forster,D:\DATA\POS\,2017.3.3819.0,AUHNFORPU001,NSW,Details
01-200,Harvey Norman Fortitude Valley,D:\DATA2\POS\,2017.3.3819.0,AUHNFOVPU001,QLD,Details
01-204,Harvey Norman Fountain Gate,D:\DATA\POS\,2017.3.3819.0,AUHNFOGPU001,VIC,Details
01-215,HARVEY NORMAN FRANKSTON,D:\DATA\POS\,2017.3.3819.0,AUHNFRAPU001,VIC,Details
70-056,Harvey Norman Furniture Distribution,D:\DATA4\POS\,2017.3.3819.0,NZNRBDOPU1,NZ,Details
01-661,Harvey Norman Fyshwick,D:\DATA1\POS\,2017.3.3819.0,FYSHTPU2,ACT,Details
01-061,Harvey Norman Fyshwick,D:\DATA\POS\,2017.3.3819.0,FYSHTPU2,ACT,Details
01-661,Harvey Norman Fyshwick,D:\DATA4\POS\,2017.3.3819.0,FYSHTPU2,ACT,Details
01-040,Harvey Norman Garden City,D:\DATA\POS\,2017.3.3819.0,AUHNMGRPU001,QLD,Details
01-083,Harvey Norman Geelong,D:\DATA\POS\,2017.3.3819.0,AUHNGEEPU001,VIC,Details
01-092,HARVEY NORMAN GEPPS CROSS,D:\DATA\POS\,2017.3.3819.0,AUHNGCRPU001,SA,Details
